"","Game","Stream time (mins)","Total watch time (mins)","Average viewers","Peak viewers","Views","Views per hour"
"1","Teamfight Tactics","5265","19898655","3693","8803","674098","7682.02849"
"2","Fortnite","3855","61750260","13073","91389","1087609","16927.766536"
"3","Satisfactory","660","1556175","2354","4309","54984","4998.545454"
"4","Apex Legends","225","700410","3112","5818","29190","7784"
"5","Clash Royale","195","1857225","9461","12981","54454","16755.076923"
"6","Just Chatting","135","498570","3693","4369","32281","14347.111111"
"7","Clash of Clans","45","414465","9210","9537","9127","12169.333333"